state_id,metabolite_id,metabolite,biochemical_class,human_gem_base_id,causal_gene_nomination,chromosome,position_grch38,rsid,effect_allele,other_allele,participants,effect_allele_frequency_percent,beta_sd,p_value,novel_signal,gene_reaction_count,metabolite_reaction_count,direct_reaction_overlap_count,direct_reaction_overlap,direct_topology_recovered
mqtl_state_01,C100001104,N-acetyltyrosine,AA,MAM03407,NAT8,2,73624077,rs112833082,G,GTCC,5986,20.391,0.9109,0.0,False,1,4,0,,False
mqtl_state_02,C250,biliverdin,CV,MAM01399,UGT1A1,2,233759924,rs887829,T,C,6136,42.194,0.702,0.0,False,67,6,0,,False
mqtl_state_03,C192,N-acetylputrescine,AA,MAM02547,NAT2,8,18415025,rs35246381,T,C,6128,25.26,-0.6641,1.29e-230,False,1,2,0,,False
mqtl_state_04,C917,asparagine,AA,MAM01369,ASPG,14,104104717,rs8012505,G,C,6136,12.515,0.7545,6.889e-180,False,6,129,2,MAR03862;MAR04172,True
mqtl_state_05,C1021,5-oxoproline,AA,MAM01127,OPLAH,8,144062998,rs7823319,T,C,6136,6.806,-0.9773,4.385e-169,False,1,10,1,MAR03889,True
mqtl_state_06,C2051,methylsuccinate,AA,MAM03765,ACADS,12,120738280,rs1799958,A,G,5987,27.583,0.5443,1.747e-158,False,23,3,0,,False
mqtl_state_07,C445,orotate,NU,MAM02659,UMPS,3,124755032,rs34740224,A,AG,6053,20.903,-0.6005,1.464e-153,False,2,6,1,MAR04577,True
mqtl_state_08,C825,uracil,NU,MAM03118,DPYD,1,97450058,rs3918290,T,C,5730,2.872,1.432,5.857e-148,True,4,9,1,MAR04345,True
mqtl_state_09,C100000406,ribitol,CA,MAM02841,AKR1A1,1,45566639,rs2229540,G,A,5194,13.43,-0.6883,1.716e-123,False,13,3,0,,False
mqtl_state_10,C100002528,sulfate*,XE,MAM02946,SLC13A1,7,123128887,rs138989506,T,C,6136,1.91,-1.405,1.548e-99,True,5,128,2,MAR07699;MAR07700,True
mqtl_state_11,C340,glycine,AA,MAM01986,CPS1,2,210675783,rs1047891,A,C,6136,34.941,0.3878,8.139e-90,False,2,193,0,,False
mqtl_state_12,C100006361,dopamine 3-O-sulfate,AA,MAM01737,GCH1,14,54877161,rs17128050,C,T,5991,10.85,-0.5977,1.212e-89,False,10,3,0,,False
mqtl_state_13,C100000406,ribitol,CA,MAM02841,SORD,15,45069018,rs55901542,C,CG,5194,1.004,1.79,8.956e-70,False,3,3,0,,False
mqtl_state_14,C480,proline,AA,MAM02770,PRODH,22,18959459,rs5992344,C,T,6135,34.46,0.3206,1.972e-63,False,2,151,1,MAR08611,True
mqtl_state_15,C100002458,3-methylglutaconate,AA,MAM03245,GLDC,9,6666398,rs2773514,T,C,6132,16.249,-0.4087,3.247e-62,False,1,5,0,,False
mqtl_state_16,C100006726,linoleoyl ethanolamide,LI,MAM03724,FAAH,1,46429969,rs1571138,G,A,4905,29.237,-0.352,3.998e-56,False,3,1,0,,False
mqtl_state_17,C100006361,dopamine 3-O-sulfate,AA,MAM01737,TH,11,2187218,rs200180914,T,TACACACC,5991,19.968,0.3402,1.247e-49,False,2,3,0,,False
mqtl_state_18,C445,orotate,NU,MAM02659,NT5C3A,7,33041902,rs4316067,G,A,6053,29.237,-0.3022,2.928e-49,False,17,6,0,,False
mqtl_state_19,C503,serine,AA,MAM02896,PHGDH,1,119712503,rs478093,G,A,6134,31.708,0.2859,3.427e-48,False,2,143,0,,False
mqtl_state_20,C100001611,"3beta,7alpha-dihydroxy-5-cholestenoate",LI,MAM00761,FDX1,11,110377073,rs1573558,T,C,6111,34.034,0.2606,3.007e-42,False,1,6,0,,False
mqtl_state_21,C100002761,androsterone glucuronide,LI,MAM01339,SULT2A1,19,47867399,rs10670440,AAAAC,A,6026,17.365,-0.3338,2.713e-40,False,18,4,0,,False
mqtl_state_22,C100001527,hexanoylglycine,LI,MAM03660,ACADM,1,75729356,rs1303169,C,T,4444,26.179,-0.3265,5.405e-39,False,89,3,0,,False
mqtl_state_23,C100001104,N-acetyltyrosine,AA,MAM03407,ACY3,11,67647021,rs948445,T,C,5986,8.169,0.4262,2.171e-38,False,5,4,0,,False
mqtl_state_24,C563,glutamine,AA,MAM01975,GLS2,12,56473178,rs2657878,T,C,6136,19.597,-0.2942,7.329e-38,False,1,145,1,MAR09802,True
mqtl_state_25,C100000963,homocitrulline,AA,MAM03681,SLC7A9,19,32957417,rs61433192,CA,C,5939,19.695,0.2912,1.007e-35,False,88,3,0,,False
mqtl_state_26,C100000265,kynurenine,AA,MAM02319,SLC7A5,16,87843706,rs57455079,A,G,6136,21.461,0.266,1.089e-33,False,210,10,0,,False
mqtl_state_27,C799,betaine,AA,MAM01393,SLC6A12,12,181476,rs768912369,G,C,6133,1.08,-0.9992,3.464e-30,True,7,9,3,MAR08889;MAR09603;MAR09873,True
mqtl_state_28,C100001541,2-hydroxy-3-methylvalerate,AA,MAM03176,LDHA,11,18301769,rs10766469,C,G,6135,49.996,-0.2067,1.054e-29,False,5,3,1,MAR11476,True
mqtl_state_29,C1134,urate,NU,MAM03120,SLC2A9,4,9996816,rs10939650,T,C,6136,26.663,0.2343,7.515e-29,False,3,19,1,MAR09198,True
mqtl_state_30,C235,2-hydroxyphenylacetate,AA,MAM00654,HPD,12,121869183,rs11502392,C,G,5659,22.743,0.2495,1.278e-27,False,2,3,1,MAR06726,True
mqtl_state_31,C503,serine,AA,MAM02896,PSPH,7,56012051,rs11238389,G,A,6134,17.529,0.2662,1.895e-27,False,1,143,1,MAR03843,True
mqtl_state_32,C344,guanidinoacetate,AA,MAM02036,SLC6A13,12,246676,rs7969761,T,C,6130,43.821,0.1941,5.56e-26,False,2,5,0,,False
mqtl_state_33,C100002293,phenylalanylphenylalanine,PE,MAM03872,DPEP1,16,89616083,rs72805578,A,C,4958,27.903,0.2377,7.585e-26,False,2,3,0,,False
mqtl_state_34,C827,cytidine,NU,MAM01630,SLC28A1,15,84955430,rs55990066,C,T,5193,9.542,-0.3385,7.419e-24,True,7,17,1,MAR05038,True
mqtl_state_35,C100001468,N1-Methyl-2-pyridone-5-carboxamide,CV,MAM02505,ACMSD,2,134841343,rs17322446,A,G,6136,26.13,-0.2036,3.704e-22,False,1,1,0,,False
mqtl_state_36,C535,uridine,NU,MAM03123,UPP1,7,48089774,rs3752889,G,C,6136,44.66,-0.1752,4.99e-21,True,2,19,1,MAR04579,True
mqtl_state_37,C460,phenylalanine,AA,MAM02724,PAH,12,102860504,rs368784545,CA,C,6136,39.782,-0.1721,2.299e-20,False,1,155,1,MAR08539,True
mqtl_state_38,C241,phenylpyruvate,AA,MAM02725,GOT2,16,58807642,rs12932254,T,C,6057,6.016,0.3548,2.907e-20,False,12,9,2,MAR01616;MAR06725,True
mqtl_state_39,C407,lysine,AA,MAM02426,SLC7A6,16,68303895,rs6499167,A,T,6136,30.569,0.1829,1.425e-19,False,257,159,36,MAR05578;MAR05579;MAR05580;MAR05581;MAR05827;MAR05832;MAR05837;MAR05842;MAR05847;MAR05852;MAR05857;MAR05862;MAR05867;MAR05872;MAR05877;MAR05882;MAR05887;MAR05892;MAR05897;MAR05902;MAR05907;MAR05908;MAR05909;MAR05910;MAR05911;MAR05912;MAR05913;MAR05914;MAR05915;MAR05916;MAR05917;MAR05918;MAR05919;MAR05920;MAR05921;MAR05922,True
mqtl_state_40,C815,tyrosine,AA,MAM03101,TAT,16,71605515,rs9746832,G,A,6136,46.553,-0.1667,5.307e-19,False,5,154,2,MAR06768;MAR06780,True
mqtl_state_41,C100000299,xanthosine,NU,MAM03149,GMPR,6,16287961,rs6459467,A,G,2403,46.213,0.2566,1.029e-18,False,1,5,0,,False
mqtl_state_42,C1052,glycerate,CA,MAM01982,SLC23A1,5,139373758,rs77454515,G,GCA,6132,2.762,-0.485,3.789e-18,True,3,9,0,,False
mqtl_state_43,C100002761,androsterone glucuronide,LI,MAM01339,SRD5A2,2,31980960,rs3754835,G,T,6026,33.991,0.1736,1.806e-17,False,4,4,0,,False
mqtl_state_44,C1024,pantothenate,CV,MAM02680,SLC5A6,2,27201768,rs1395,A,G,6136,26.732,0.1752,2.35e-17,False,8,10,4,MAR01636;MAR04721;MAR08930;MAR09607,True
mqtl_state_45,C535,uridine,NU,MAM03123,TYMP,22,50541642,rs131785,A,G,6136,19.813,-0.1927,2.578e-17,False,1,19,0,,False
mqtl_state_46,C231,arginine,AA,MAM01365,ARG1,6,131576138,rs2781668,T,C,6136,23.362,0.1791,5.486e-17,False,1,175,1,MAR03816,True
mqtl_state_47,C100004396,3-hydroxyadipate*,LI,MAM03214,CYP4A11,1,46926382,rs11211402,T,C,4812,14.464,0.2466,5.866e-17,False,4,4,0,,False
mqtl_state_48,C182,quinolinate,CV,MAM02822,KMO,1,241550102,rs61825638,T,C,5903,21.774,-0.186,9.622e-17,False,1,4,0,,False
mqtl_state_49,C1023,sarcosine,AA,MAM02880,SARDH,9,133670195,rs2519125,G,A,6136,49.472,0.1505,9.673e-17,False,3,11,3,MAR03849;MAR04701;MAR08432,True
mqtl_state_50,C100002129,pregnenolone sulfate,LI,MAM02762,UGT3A1,5,35977878,rs6873506,T,C,5966,12.515,0.2315,1.27e-16,False,37,8,0,,False
mqtl_state_51,C340,glycine,AA,MAM01986,ALDH1L1,3,126190826,rs1992855,C,T,6136,40.787,0.1553,1.419e-16,False,2,193,0,,False
mqtl_state_52,C799,betaine,AA,MAM01393,GNMT,6,42947257,rs35558895,TA,T,6133,46.612,0.1502,2.05e-16,False,1,9,0,,False
mqtl_state_53,C100000299,xanthosine,NU,MAM03149,GMPS,3,155999026,rs183728597,G,T,2403,3.406,0.644,4.527e-16,False,2,5,0,,False
mqtl_state_54,C917,asparagine,AA,MAM01369,ASRGL1,11,62317199,rs138510246,A,AAAAC,6136,6.732,0.2899,1.809e-15,False,2,129,2,MAR03862;MAR04172,True
mqtl_state_55,C100000015,xanthurenate,AA,MAM03151,KYNU,2,143097724,rs354680,A,G,5976,25.404,0.1607,2.165e-14,True,3,6,0,,False
mqtl_state_56,C235,2-hydroxyphenylacetate,AA,MAM00654,KYAT1,9,128889687,rs9409309,A,G,5659,25.78,0.1676,2.83e-14,False,4,3,0,,False
mqtl_state_57,C100002458,3-methylglutaconate,AA,MAM03245,HSD17B10,X,53432321,rs201378370,T,C,6132,2.568,0.2979,2.785e-13,True,93,5,0,,False
mqtl_state_58,C100002528,sulfate*,XE,MAM02946,SLC34A1,5,177398068,rs34225933,T,C,6136,3.524,0.3553,3.84e-13,False,1,128,0,,False
mqtl_state_59,C266,cholesterol,LI,MAM01450,LDLR,19,11077477,rs55791371,C,A,6136,12.223,-0.1983,1.391e-12,False,2,239,0,,False
mqtl_state_60,C806,dimethylglycine,AA,MAM01708,ETFA,15,76199996,rs79495512,C,T,6133,14.205,0.1952,1.636e-12,False,1,7,0,,False
mqtl_state_61,C234,aspartate,AA,MAM01370,AGA,4,177439657,rs76491548,T,G,6135,3.833,-0.3281,2.131e-12,True,4,90,1,MAR09530,True
mqtl_state_62,C391,citrulline,AA,MAM01588,ASS1,9,130416055,rs7850549,A,G,6136,41.599,0.1302,2.741e-12,False,1,53,1,MAR03811,True
mqtl_state_63,C100002293,phenylalanylphenylalanine,PE,MAM03872,ANPEP,15,89795525,rs28463231,A,T,4958,17.783,0.187,2.942e-12,False,2,3,0,,False
mqtl_state_64,C358,hypotaurine,AA,MAM02157,CDO1,5,115735959,rs10038137,C,T,6126,27.028,0.1433,6.579e-12,True,1,8,0,,False
mqtl_state_65,C880,adenine,NU,MAM01279,PCMT1,6,149576319,rs4039600,G,A,6099,40.068,-0.1304,1.378e-11,False,1,9,0,,False
mqtl_state_66,C1221,creatine,AA,MAM01619,GATM,15,45359856,rs1145089,C,G,6136,41.16,0.1289,1.532e-11,False,1,7,0,,False
mqtl_state_67,C340,glycine,AA,MAM01986,GCSH,16,81098888,rs11860711,T,C,6136,21.341,-0.1515,2.252e-11,False,4,193,1,MAR08433,True
mqtl_state_68,C815,tyrosine,AA,MAM03101,SLC16A10,6,111124356,rs541492469,AT,A,6136,9.702,0.2069,2.588e-11,False,4,154,1,MAR05074,True
mqtl_state_69,C407,lysine,AA,MAM02426,NADK2,5,36225144,rs16902835,T,C,6136,43.356,0.1243,3.518e-11,False,1,159,0,,False
mqtl_state_70,C100001611,"3beta,7alpha-dihydroxy-5-cholestenoate",LI,MAM00761,HSD3B7,16,30939031,rs7206511,A,G,6111,32.904,0.1301,5.477e-11,False,8,6,0,,False
mqtl_state_71,C100004243,gamma-CEHC glucuronide*,CV,MAM01924,CYP4F2,19,15868544,rs148254076,GAGAA,G,2639,17.636,-0.2431,5.742e-11,False,51,8,0,,False
