chromosome,base_pair_location,effect_allele_a,other_allele_a,beta_a,standard_error_a,effect_allele_frequency_a,p_value_a,n_a,effect_allele_b,other_allele_b,beta_b,standard_error_b,effect_allele_frequency_b,p_value_b,n_b,signed_effect_a,signed_effect_b,reaction_beta,reaction_standard_error,reaction_z,reaction_p,reaction_minus_log10_p,reaction_p_at_zero_correlation,reaction_minus_log10_p_at_zero_correlation,stoichiometrically_coherent,both_components_nominal,minimum_component_fraction,reaction_genomewide_significant,genomewide_at_zero_correlation,emergent_reaction_signal,context,cohort,pair_id
2,211543055,C,T,-0.00287478,0.00683216,0.151399,0.673922,83901,C,T,0.052842,0.00733179,0.150348,5.7096e-13,83716,0.00287478,0.052842,0.05571678,0.009071293004891312,6.142099033727284,8.14380544002415e-10,9.089172610416602,2.7033323603785994e-08,7.568100556815145,True,False,0.051596305457709504,True,False,False,age,BBJ,alanine_glycine
12,112230019,C,G,-0.029968,0.0107542,0.248656,0.00532591,88138,C,G,-0.160579,0.0105713,0.249251,4.120609999999999e-52,87727,-0.029968,0.160579,0.130611,0.01364654706684044,9.570992527286988,1.0588423270944986e-21,20.975168706154072,4.667019447823126e-18,17.330960389373107,False,True,0.15727353356389764,True,True,False,sex,BBJ,alanine_glutamine
12,111414461,G,T,-0.0181357,0.0117878,0.202366,0.123922,85076,G,T,-0.136102,0.0115945,0.202769,8.09054e-32,84675,-0.0181357,0.136102,0.1179663,0.014962671798823398,7.88403980158653,3.1696325458406162e-15,14.498991082439543,9.705443828067205e-13,12.012984599618926,False,False,0.11758279590528127,True,True,False,sex,BBJ,alanine_glutamine
2,211543055,C,T,-0.0266927,0.0133128,0.151399,0.0449593,83901,C,T,0.610393,0.0156839,0.150348,1e-300,83716,0.0266927,0.610393,0.6370857,0.018903771001110816,33.7015138388295,5.492909165396881e-249,248.26019758271775,1.4416085452833813e-210,209.841152652032,True,True,0.04189813081662326,True,True,False,sex,BBJ,alanine_glycine
2,211540507,C,A,0.0180376,0.00383194,0.683897,2.5118e-06,152243,C,A,-0.272477,0.00375669,0.683354,1e-300,151401,-0.0180376,-0.272477,-0.2905146,0.005075788078371112,-57.235368284569915,0.0,713.2057637073437,0.0,638.2619044826663,True,True,0.06208844581305036,True,True,False,sex,UKB,alanine_glycine
9,6665010,T,C,-0.00229714,0.00512459,0.138347,0.653967,152855,T,C,-0.0507169,0.00453414,0.13832,4.7982e-29,152010,0.00229714,-0.0507169,-0.04841976,0.006474914287944977,-7.4780542022228955,7.543108861683495e-14,13.122449624527555,1.4802989641480441e-12,11.829650564762014,False,False,0.0433307855805745,True,True,False,sex,UKB,alanine_glycine
2,212101698,C,T,-0.00478182,0.00397303,0.275732,0.228756,152855,C,T,0.0322267,0.00374275,0.275865,7.27814e-18,152010,0.00478182,0.0322267,0.037008519999999996,0.005163359934062426,7.167526663376042,7.636479834192533e-13,12.117106790755727,1.1999616805607169e-11,10.920832622441331,True,False,0.12920862547326942,True,True,False,sex,UKB,alanine_glycine
2,209942078,C,T,-0.00709516,0.003927,0.300882,0.0707995,152855,C,T,0.02477,0.00367558,0.301064,1.59388e-11,152010,0.00709516,0.02477,0.031865160000000003,0.005088244037284144,6.262506233291449,3.7883872858684856e-10,9.421545629584818,3.137422228833301e-09,8.503427030772151,True,False,0.2226619919686579,True,False,False,sex,UKB,alanine_glycine
2,210825251,T,C,-0.00520702,0.00441977,0.204409,0.238749,152855,T,C,0.0306621,0.00418432,0.20447,2.33882e-13,152010,0.00520702,0.0306621,0.035869120000000004,0.0057573081681870225,6.230189344075914,4.658717687217135e-10,9.331733606486445,3.782573141664573e-09,8.422212665495335,True,False,0.14516720789358645,True,False,False,sex,UKB,alanine_glycine
12,112230019,C,G,0.0115242,0.0121547,0.24854,0.343062,86664,C,G,0.127242,0.0121463,0.249151,1.11618e-25,86265,0.0115242,-0.127242,-0.1157178,0.015596770559686158,-7.419343610728124,1.1770218832996558e-13,12.92921546263835,1.6474673268655938e-11,10.78318318972496,False,False,0.08304760092875642,True,True,False,ever_drinking,BBJ,alanine_glutamine
2,211543055,C,T,0.00691934,0.0133545,0.151391,0.60437,82508,C,T,-0.308706,0.0153843,0.150381,1.45557e-89,82344,-0.00691934,-0.308706,-0.31562534,0.018705545528060905,-16.87335659505457,7.066429549267909e-64,63.15079996650396,3.863467988992009e-54,53.41302268177839,True,False,0.021922637770465454,True,True,False,ever_drinking,BBJ,alanine_glycine
12,112230019,C,G,0.0187474,0.0107176,0.248644,0.0802551,86861,C,G,0.139282,0.0106392,0.249257,3.683e-39,86463,0.0187474,-0.139282,-0.12053459999999999,0.013568916221284527,-8.883141293991228,6.49983208543081e-19,18.18709786263603,1.4449877012937491e-15,14.840135849297043,False,False,0.11863235575152473,True,True,False,ever_smoking,BBJ,alanine_glutamine
12,111414461,G,T,0.015509,0.0117511,0.202443,0.186906,83846,G,T,0.12351,0.0116732,0.202857,3.66438e-26,83458,0.015509,-0.12351,-0.108001,0.014882463521712805,-7.256930268462051,3.95973703601014e-13,12.40233365437796,7.012356356534774e-11,10.154136021878847,False,False,0.11156029032002819,True,True,False,ever_smoking,BBJ,alanine_glutamine
2,211543055,C,T,0.0169003,0.0133175,0.151533,0.204429,82698,C,T,-0.362511,0.0153033,0.150509,4.75433e-124,82530,-0.0169003,-0.362511,-0.3794113,0.018648758704223632,-20.345123555814453,5.128269208636941e-92,91.29002918458971,4.719964864673616e-78,77.32606123423352,True,False,0.04454348091372081,True,True,False,ever_smoking,BBJ,alanine_glycine
2,211540507,C,A,-0.000504656,0.00778059,0.683817,0.948285,151912,C,A,0.0844092,0.00797227,0.683275,3.39298e-26,151071,0.000504656,0.0844092,0.08491385600000001,0.010679005662042867,7.951475885232952,1.843025005824544e-15,14.73446877231324,2.486546387653229e-14,13.604403434395193,True,False,0.0059431525521582715,True,True,False,ever_smoking,UKB,alanine_glycine
12,112230019,C,G,0.0112077,0.0132959,0.248732,0.39926,85194,C,G,0.144611,0.013716,0.249354,5.46161e-26,84803,0.0112077,-0.144611,-0.1334033,0.017236039285419547,-7.739788578507687,9.958226723854182e-15,14.001817990151553,2.8788962246941597e-12,11.540773989812774,False,False,0.07192782381062093,True,True,False,current_smoking,BBJ,alanine_glutamine
12,111390454,T,TAGAA,0.0135046,0.0145772,0.198433,0.354229,84439,T,TAGAA,0.136364,0.0150652,0.198898,1.40967e-19,84058,0.0135046,-0.136364,-0.12285940000000001,0.01891493808188303,-6.4953635834354815,8.2833116189579e-11,10.081796000134712,4.60856777055403e-09,8.336434021679286,False,False,0.09010960267861312,True,False,False,current_smoking,BBJ,alanine_glutamine
2,211543055,C,T,0.0291874,0.0163506,0.151651,0.0742449,81114,C,T,-0.20961,0.0176973,0.1506,2.3067e-32,80943,-0.0291874,-0.20961,-0.2387974,0.022054985958168842,-10.82736576903387,2.5539704650887545e-27,26.592784129360442,3.731220540767298e-23,22.428149080413043,True,False,0.1222266239079655,True,True,False,current_smoking,BBJ,alanine_glycine
