context,mutable_observational_context,cohort,pair_id,trait_a,trait_b,aligned_variants,null_z_correlation,null_variants,family_p_threshold,genomewide_variants,genomewide_loci,coherent_loci,zero_correlation_loci,both_nominal_loci
age,False,BBJ,alanine_glutamine,Ala,Gln,1009438,0.21310475818255634,821312,1.3888888888888888e-09,0,0,0,0,0
age,False,BBJ,alanine_glycine,Ala,Gly,1009440,0.18111885851452625,821431,1.3888888888888888e-09,1,1,1,0,0
age,False,BBJ,alanine_pyruvate,Ala,Pyruvate,1009433,0.28343076262807654,828487,1.3888888888888888e-09,0,0,0,0,0
age,False,BBJ,lactate_pyruvate,Lactate,Pyruvate,1009428,0.25305231021908553,828428,1.3888888888888888e-09,0,0,0,0,0
age,False,BBJ,acetoacetate_hydroxybutyrate,Acetoacetate,bOHbutyrate,1008603,0.2914052175267991,826039,1.3888888888888888e-09,0,0,0,0,0
age,False,BBJ,phenylalanine_tyrosine,Phe,Tyr,1009427,0.3406054936810995,827152,1.3888888888888888e-09,0,0,0,0,0
age,False,UKB,alanine_glutamine,Ala,Gln,1478308,0.14638260985634236,1200161,1.3888888888888888e-09,0,0,0,0,0
age,False,UKB,alanine_glycine,Ala,Gly,1478320,0.10394170988908573,1199254,1.3888888888888888e-09,0,0,0,0,0
age,False,UKB,alanine_pyruvate,Ala,Pyruvate,1478336,0.1559632841419892,1201111,1.3888888888888888e-09,0,0,0,0,0
age,False,UKB,lactate_pyruvate,Lactate,Pyruvate,1478331,0.39794682355463584,1219176,1.3888888888888888e-09,0,0,0,0,0
age,False,UKB,acetoacetate_hydroxybutyrate,Acetoacetate,bOHbutyrate,1478247,0.4595346134093826,1221888,1.3888888888888888e-09,0,0,0,0,0
age,False,UKB,phenylalanine_tyrosine,Phe,Tyr,1478339,0.37549121267388536,1218888,1.3888888888888888e-09,0,0,0,0,0
sex,False,BBJ,alanine_glutamine,Ala,Gln,1009438,0.18109969544631765,818781,1.3888888888888888e-09,53,2,0,2,1
sex,False,BBJ,alanine_glycine,Ala,Gly,1009440,0.15771999506274828,814820,1.3888888888888888e-09,108,1,1,1,1
sex,False,BBJ,alanine_pyruvate,Ala,Pyruvate,1009433,0.2784594021519812,823857,1.3888888888888888e-09,0,0,0,0,0
sex,False,BBJ,lactate_pyruvate,Lactate,Pyruvate,1009428,0.2520040640068769,820805,1.3888888888888888e-09,0,0,0,0,0
sex,False,BBJ,acetoacetate_hydroxybutyrate,Acetoacetate,bOHbutyrate,1008603,0.27499246437181646,826453,1.3888888888888888e-09,0,0,0,0,0
sex,False,BBJ,phenylalanine_tyrosine,Phe,Tyr,1009427,0.3411996694383811,828152,1.3888888888888888e-09,0,0,0,0,0
sex,False,UKB,alanine_glutamine,Ala,Gln,1478308,0.12791672120798198,1199761,1.3888888888888888e-09,0,0,0,0,0
sex,False,UKB,alanine_glycine,Ala,Gly,1478320,0.10534118723248023,1195056,1.3888888888888888e-09,252,5,4,3,1
sex,False,UKB,alanine_pyruvate,Ala,Pyruvate,1478336,0.15917304577063082,1199650,1.3888888888888888e-09,0,0,0,0,0
sex,False,UKB,lactate_pyruvate,Lactate,Pyruvate,1478331,0.388954607624971,1220453,1.3888888888888888e-09,0,0,0,0,0
sex,False,UKB,acetoacetate_hydroxybutyrate,Acetoacetate,bOHbutyrate,1478247,0.46891525187923555,1228136,1.3888888888888888e-09,0,0,0,0,0
sex,False,UKB,phenylalanine_tyrosine,Phe,Tyr,1478339,0.36737871099837965,1216383,1.3888888888888888e-09,0,0,0,0,0
ever_drinking,True,BBJ,alanine_glutamine,Ala,Gln,1009424,0.1761445907678718,820317,1.3888888888888888e-09,5,1,0,1,0
ever_drinking,True,BBJ,alanine_glycine,Ala,Gly,1009430,0.15848634494695746,814650,1.3888888888888888e-09,51,1,1,1,0
ever_drinking,True,BBJ,alanine_pyruvate,Ala,Pyruvate,1009412,0.28962308997035735,825592,1.3888888888888888e-09,0,0,0,0,0
ever_drinking,True,BBJ,lactate_pyruvate,Lactate,Pyruvate,1009412,0.2505433883542481,824491,1.3888888888888888e-09,0,0,0,0,0
ever_drinking,True,BBJ,acetoacetate_hydroxybutyrate,Acetoacetate,bOHbutyrate,1008604,0.2855789486005808,823434,1.3888888888888888e-09,0,0,0,0,0
ever_drinking,True,BBJ,phenylalanine_tyrosine,Phe,Tyr,1009414,0.3400311749102236,830090,1.3888888888888888e-09,0,0,0,0,0
ever_drinking,True,UKB,alanine_glutamine,Ala,Gln,1478316,0.13241257509248971,1199112,1.3888888888888888e-09,0,0,0,0,0
ever_drinking,True,UKB,alanine_glycine,Ala,Gly,1478326,0.04626003886981833,1195530,1.3888888888888888e-09,0,0,0,0,0
ever_drinking,True,UKB,alanine_pyruvate,Ala,Pyruvate,1478342,0.19120209856484033,1204969,1.3888888888888888e-09,0,0,0,0,0
ever_drinking,True,UKB,lactate_pyruvate,Lactate,Pyruvate,1478334,0.407135837821952,1227578,1.3888888888888888e-09,0,0,0,0,0
ever_drinking,True,UKB,acetoacetate_hydroxybutyrate,Acetoacetate,bOHbutyrate,1478257,0.42874515862324736,1226125,1.3888888888888888e-09,0,0,0,0,0
ever_drinking,True,UKB,phenylalanine_tyrosine,Phe,Tyr,1478341,0.37288417120055634,1220747,1.3888888888888888e-09,0,0,0,0,0
ever_smoking,True,BBJ,alanine_glutamine,Ala,Gln,1009409,0.19269189963591987,817887,1.3888888888888888e-09,15,2,0,2,0
ever_smoking,True,BBJ,alanine_glycine,Ala,Gly,1009412,0.15645256304456703,815215,1.3888888888888888e-09,79,1,1,1,0
ever_smoking,True,BBJ,alanine_pyruvate,Ala,Pyruvate,1009398,0.28525497321884635,823369,1.3888888888888888e-09,0,0,0,0,0
ever_smoking,True,BBJ,lactate_pyruvate,Lactate,Pyruvate,1009398,0.24980649616053555,823658,1.3888888888888888e-09,0,0,0,0,0
ever_smoking,True,BBJ,acetoacetate_hydroxybutyrate,Acetoacetate,bOHbutyrate,1008600,0.27887021609231455,827097,1.3888888888888888e-09,0,0,0,0,0
ever_smoking,True,BBJ,phenylalanine_tyrosine,Phe,Tyr,1009402,0.33948903923009344,830132,1.3888888888888888e-09,0,0,0,0,0
ever_smoking,True,UKB,alanine_glutamine,Ala,Gln,1478311,0.1236188998479249,1201043,1.3888888888888888e-09,0,0,0,0,0
ever_smoking,True,UKB,alanine_glycine,Ala,Gly,1478322,0.08103881706190677,1202024,1.3888888888888888e-09,2,1,1,1,0
ever_smoking,True,UKB,alanine_pyruvate,Ala,Pyruvate,1478329,0.1528983334161964,1201429,1.3888888888888888e-09,0,0,0,0,0
ever_smoking,True,UKB,lactate_pyruvate,Lactate,Pyruvate,1478330,0.38730695070677107,1221204,1.3888888888888888e-09,0,0,0,0,0
ever_smoking,True,UKB,acetoacetate_hydroxybutyrate,Acetoacetate,bOHbutyrate,1478251,0.4790875745195811,1231646,1.3888888888888888e-09,0,0,0,0,0
ever_smoking,True,UKB,phenylalanine_tyrosine,Phe,Tyr,1478340,0.36734851622071657,1216404,1.3888888888888888e-09,0,0,0,0,0
current_smoking,True,BBJ,alanine_glutamine,Ala,Gln,1009387,0.18596764923612824,821460,1.3888888888888888e-09,9,2,0,1,0
current_smoking,True,BBJ,alanine_glycine,Ala,Gly,1009390,0.1626238298686382,817010,1.3888888888888888e-09,39,1,1,1,0
current_smoking,True,BBJ,alanine_pyruvate,Ala,Pyruvate,1009363,0.28077733673972066,825261,1.3888888888888888e-09,0,0,0,0,0
current_smoking,True,BBJ,lactate_pyruvate,Lactate,Pyruvate,1009363,0.2566483139658869,824005,1.3888888888888888e-09,0,0,0,0,0
current_smoking,True,BBJ,acetoacetate_hydroxybutyrate,Acetoacetate,bOHbutyrate,1008579,0.25601514315257407,827050,1.3888888888888888e-09,0,0,0,0,0
current_smoking,True,BBJ,phenylalanine_tyrosine,Phe,Tyr,1009364,0.33570479942977843,829448,1.3888888888888888e-09,0,0,0,0,0
current_smoking,True,UKB,alanine_glutamine,Ala,Gln,1478311,0.119975229875456,1199842,1.3888888888888888e-09,0,0,0,0,0
current_smoking,True,UKB,alanine_glycine,Ala,Gly,1478322,0.08993623234688686,1198592,1.3888888888888888e-09,0,0,0,0,0
current_smoking,True,UKB,alanine_pyruvate,Ala,Pyruvate,1478329,0.1673081980448257,1201028,1.3888888888888888e-09,0,0,0,0,0
current_smoking,True,UKB,lactate_pyruvate,Lactate,Pyruvate,1478330,0.4029776258596057,1221818,1.3888888888888888e-09,0,0,0,0,0
current_smoking,True,UKB,acetoacetate_hydroxybutyrate,Acetoacetate,bOHbutyrate,1478251,0.5065854251335452,1234654,1.3888888888888888e-09,0,0,0,0,0
current_smoking,True,UKB,phenylalanine_tyrosine,Phe,Tyr,1478340,0.3743817241136485,1220276,1.3888888888888888e-09,0,0,0,0,0
physical_activity,True,BBJ,alanine_glutamine,Ala,Gln,1009372,0.1911137276639603,825841,1.3888888888888888e-09,0,0,0,0,0
physical_activity,True,BBJ,alanine_glycine,Ala,Gly,1009385,0.15703928001386755,822107,1.3888888888888888e-09,0,0,0,0,0
physical_activity,True,BBJ,alanine_pyruvate,Ala,Pyruvate,1009354,0.27525430365537473,829200,1.3888888888888888e-09,0,0,0,0,0
physical_activity,True,BBJ,lactate_pyruvate,Lactate,Pyruvate,1009342,0.23763384909673563,826485,1.3888888888888888e-09,0,0,0,0,0
physical_activity,True,BBJ,acetoacetate_hydroxybutyrate,Acetoacetate,bOHbutyrate,1008518,0.28560878096422715,826145,1.3888888888888888e-09,0,0,0,0,0
physical_activity,True,BBJ,phenylalanine_tyrosine,Phe,Tyr,1009350,0.3276618899658368,828261,1.3888888888888888e-09,0,0,0,0,0
physical_activity,True,UKB,alanine_glutamine,Ala,Gln,1478312,0.122463846354982,1203316,1.3888888888888888e-09,0,0,0,0,0
physical_activity,True,UKB,alanine_glycine,Ala,Gly,1478323,0.09043069774344226,1201808,1.3888888888888888e-09,0,0,0,0,0
physical_activity,True,UKB,alanine_pyruvate,Ala,Pyruvate,1478335,0.16649287988507466,1203841,1.3888888888888888e-09,0,0,0,0,0
physical_activity,True,UKB,lactate_pyruvate,Lactate,Pyruvate,1478331,0.388761553296024,1221266,1.3888888888888888e-09,0,0,0,0,0
physical_activity,True,UKB,acetoacetate_hydroxybutyrate,Acetoacetate,bOHbutyrate,1478245,0.4664014890954258,1232294,1.3888888888888888e-09,0,0,0,0,0
physical_activity,True,UKB,phenylalanine_tyrosine,Phe,Tyr,1478337,0.36758914759303946,1222416,1.3888888888888888e-09,0,0,0,0,0
